veracity,content,sentiment,retweet numbers,likes numbers,compound
0,Gargling with salt water or Vinegar eliminate the COVID-19 coronavirus from the throat of an infected persons system,0,39,73,-0.4939
0,Patients should avoid taking ibuprofen to relieve pain and fever associated with COVID-19 infections,0,0,0,-0.4588
0,Chinese officials are seeking approval to start the mass killing of people in order to stop the spread of new coronavirus,0,0,0,-0.5423
0,U.S. President Donald Trump cut funding for the Centers for Disease Control and Prevention (CDC),0,45,82,-0.2732
0,U.S. House Speaker Nancy Pelosi held up a coronavirus funding package so u Democrats could run negative ads about Republicans u made the latter look bad,0,218,375,-0.802
0,U.S. President Barack Obama waited until millions were infected and thousands were dead before declaring a public health emergency concerning swine flu the H1N1 virus,0,60,126,-0.9136
0,Harvard professor Charles Lieber was arrested for concealing funding from a Chinese lab supposedly connected to the origin of the new coronavirus,0,45,97,-0.4767
0,The fictional Umbrella Corporation from the game Resident Evil shares a logo with a biotech lab in Wuhan Hubei Province in China where a new coronavirus is believed to have originated,0,1,0,-0.4939
0,An MSNBC reporter said on air: I hope enough people die from coronavirus u it harms Trumps reelection.,0,32,77,-0.6369
0,Warm weather will kill coronavirus,0,4,0,-0.5859
0,Only Those Over Years Of Age And Those With Existing Health Problems Are At Risk From The Coronavirus,0,1,1,-0.5859
0,Nancy Pelosi wouldnt release billion for Coronavirus without abortion funding so Trump went around her to declare a National Emergency and got billion,0,0,0,-0.3818
0,If you have a runny nose and sputum you have a common cold. Coronavirus pneumonia is a dry cough with no runny nose,0,1,0,-0.296
0,This new virus is not heat-resistant and will be killed by a temperature of just /27 degrees. It hates the Sun,0,2,3,-0.8126
0,The new Coronavirus may not show sign of infection for many days. How can one know if he/she is infected? By the time they have fever and/or cough and go to the hospital the lung is usually % Fibrosis and its too late (Fibrosis is not reversible). Taiwan experts provide a simple self-check u we can do every morning. Take a deep breath and hold your breath for more than seconds. If you complete it successfully without coughing without discomfort stiffness or tightness etc. it proves there is no Fibrosis in the lungs basically indicates no infection. In critical times please self-check every morning in an environment with clean air,0,0,0,-0.3991
0,The Trump administration cut the Centers for Disease Control and Preventions anti-pandemic work in over countries to just,0,54,244,-0.2732
0,The Government have announced measures u all workplaces with employees or more are to have paid mandatory leave to avoid the spread of the COVID-19 coronavirus starting from March . All schools are to close for weeks also from March th. Offices will resume after weeks of the mandatory closure. A list of all schools and businesses in your area is shown on the list,0,54,244,-0.2023
0,The Government has announced measures u all workplaces with employees or more are to have paid mandatory leave to avoid the spread of the COVID-19 coronavirus starting from March . Offices will resume after weeks of the mandatory closure. Check the article for your place of work,0,54,244,-0.2023
0,Federal agents arrested Harvard professor Charles Lieber for creating the coronavirus,0,0,0,-0.2263
0,In case you missed it yesterday Federal Agents arrested Dr. Charles Lieber chair of Harvard Universitys Department of Chemistry and Chemical Biology with lying to the Department of Defense about secret monthly payments of $50000.00 paid by China and receipt of millions more to help set up a chemical/biological esearch ?laboratory in China. Also arrested were two Chinese tudents ?working as research assistants one of whom was actually a lieutenant in the Chinese Army the other captured at Logan Airport as he tried to catch a flight to China ?smuggling vials of ensitive Biological Samples ?according to the FBI. Oh almost forgot. The research lab the good professor had helped set up? Its located at the Wuhan University of Technology. Wuhan China is ground zero to the potentially global pandemic known as the oronavirus hich is both spreading rapidly and killing people,0,5,3,-0.931
0,Authorities have identified u the international chemical-warfare terrorist Samuel Whitcomb Hyde is behind the deadly China coronavirus,0,8,23,-0.6908
0,Not only is chlorine dioxide (aka MMS) an effective cancer cell killer it can wipe out coronavirus too,0,167,197,-0.765
0,Its dangerous to take ibuprofen if you have coronavirus,0,8,11,-0.4767
0,Medical professionals said u ibuprofen is not recommended for managing coronavirus symptoms,0,0,0,-0.1511
0,I have a doctor in the family who has been given information from Viennas laboratory studying COVID-19 and vast majority of people who died of it had ibuprofen in their system so do not take it! Those who recovered did not take ibuprofen so if you have symptoms take Paracetamol only! Looks like this virus thrives on ibuprofen so dont do it and tell everyone you can,0,0,0,-0.3987
0,The coronavirus is an example of biological warfare,0,974,941,-0.296
0,Italian Prime Minister Giuseppe Conte said in Twitter we have lost control. We have killed the epidemic physically and mentally. Cant understand what more we can do all solutions are exhausted on ground. Our only hope remains up in the sky God rescue your people.,0,842,1479,-0.0772
0,Coronavirus pneumonia is a dry cough with no runny nose,0,9,26,-0.296
0,Gargle with warm and salt water kills the tonsils germs and prevents them from leaking into the lungs,0,61,9,-0.3182
0,There is no coronavirus,0,372,1562,-0.296
0,Coronavirus is just he damn flu. ?,0,115,759,-0.6486
0,The coronavirus is an orchestrated attempt to destroy capitalism,0,1,3,-0.5423
0,President Trump COVID-19 coronavirus: U.S. cases ; U.S. deaths ; panic level: mass hysteria. President Obama H1N1 virus: U.S. cases million; U.S. deaths ; panic level: totally chill. Do you all see how the media can manipulate your life,0,0,0,-0.8591
0,Trumps Katrina: MSNBC hopes Americans die from coronavirus to hurt president,0,2,1,-0.6705
0,Trump administration rejected WHO coronavirus test kits,0,3661,8778,-0.5106
0,Americans were infected with COVID-19 in the fall,0,0,1,-0.4939
0,Nancy Pelosi was caught trying to include abortion funding in bill to combat coronavirus. ?,0,35,37,-0.34
0,U.S. hospitals are preparing for million coronavirus infections and nearly half a million deaths leaked documents reveal,0,0,1,-0.3182
0,NYC man drops dead in middle of street ?suspected coronavirus,0,0,0,-0.7351
0,More people have died from knowing Hillary than coronavirus,0,48,160,-0.5945
0,Coronavirus Hoax: Fake Virus Pandemic Fabricated to Cover-Up Global Outbreak of G Syndrome,0,1,1,-0.7506
0,The State of Florida has announced measures u all workplaces with employees or more are to have paid mandatory leave to avoid the spread of the COVID-19 coronavirus starting on March . All schools are to close for weeks also from March th. Offices will resume after weeks of the mandatory closure. A list of all schools and businesses in your area are shown on the list,0,0,1,-0.2023
0,America has been vaccinating cattle for coronavirus for years yet the news tells you its new and gunna kill you all so go buy mask,0,1,0,-0.6908
0,The mortality rate for the flu is right around ?u of the new coronavirus: Its right around %. ?,0,37,43,-0.4515
0,Scientists are shocked to discover u weed kills corona virus,0,40,63,-0.7003
0,A reliable source told Miles Guo today u the Chinese Communist Party (CCP) will admit to the public of an accidental leak of lab-created virus from a P4 lab in Wuhan to put blames on human errors. But the official announcement is still being finalized,0,0,15,-0.2846
0,Last year a mysterious shipment was caught smuggling Coronavirus from Canada. It was traced to Chinese agents working at a Canadian lab. Subsequent investigation by GreatGameIndia linked the agents to Chinese Biological Warfare Program from where the virus is suspected to have leaked causing the Wuhan Coronavirus outbreak,0,30,32,-0.8176
0,No normally functioning economy if thousands of Americans die from coronavirus,0,0,1,-0.7269
0,COVID-19 more contagious than SARS or MERS can live on surfaces for up to days,0,0,0,-0.4005
0,Coronavirus outbreak in US at best could be times worse than bad flu season expert warns,0,0,0,-0.6597
0,Trump says coronavirus outbreak is all under control and a very small problem in US,0,940,1485,-0.4549
0,The coronavirus could cost Chinas economy $60 billion this quarter. Beijing will have to act fast to avert a bigger hit,0,2,8,-0.1779
0,China use its status as a major superpower to pressure the World Health Organisation,0,1348,2222,-0.296
0,Indias homeopathic sure ?for coronavirus mmature and irresponsible ?,0,62,184,-0.2406
0,Demand for face masks surges amid short supply in Hong Kong as government denies accusation it stockpiled safety gear for internal use,0,11,12,-0.3612
0,CDC director says risk to U.S. public from coronavirus is low,0,43,88,-0.4939
0,Wuhan doctors beaten up overworked under supplied,0,49,58,-0.4215
0,Coronavirus lurking in feces may reveal hidden risk of spread,0,17,14,-0.3818
0,China hit by second deadly virus as bird flu strikes near coronavirus city,0,1,1,-0.6249
0,Cocktail of flu HIV drugs may help fight Coronavirus say Thai doctors,0,473,420,-0.3612
0,China says U.S. creating spreading fear after virus outbreak,0,18,19,-0.25
0,Multiple sources say u there was frustration among FEMA employees over being brought into coronavirus response too late coupled with fear the agency would ultimately take blame for the bungled response,0,376,914,-0.8271
0,The federal government isnt stepping in to coordinate the purchase and allocation of supplies during the coronavirus crisis,0,32,84,-0.6249
0,Hedge fund billionaire Bill Ackman has a solution to end the coronavirus threat and prevent the US economy from total collapse: shut down everything for a month,0,225,837,-0.6369
0,The US hasnt conducted enough tests to know how widespread the coronavirus is warned Dr. William Schaffner an infectious diseases professor at Vanderbilt University Medical Center,0,113,200,-0.2732
0,Although many people around the world are practicing social distancing during the coronavirus pandemic those on the frontlines fighting the virus cant stay home. Experts agree u robots could take over dull dirty and dangerous jobs u humans do,0,49,115,-0.8271
0,There is currently no proven treatment or cure for Covid-19,0,29,22,-0.296
0,A Georgia congressman is urging Secretary of State Mike Pompeo to temporarily ban exports of medical supplies related to coronavirus over concerns u private companies will send supplies to foreign countries instead of states seeking the same equipment,0,55,181,-0.5574
0,Gun stores in Los Angeles have been declared a nonessential business and have been forced to close L.A. County Sheriff Alex Villanueva said in a statement,0,783,6090,-0.6597
0,India appears to so far have avoided the full hit of the coronavirus pandemic. It has only confirmed cases of coronavirus and nine deaths. But fears are growing u the country remains susceptible to a wider potentially more damaging outbreak,0,157,619,-0.8545
0,The Kenyan government has set the Maasai tribe on people and are adopting harsh steps for those who are flouting lockdown rules in the country,0,2,11,-0.4404
0,Some countries throw Covid19 infected dead bodies into the seas. Advice to stop eating seafood. The World is really coming to an end. Dear God please intervene,0,0,1,-0.5719
0,The Disaster Management Act (DMA) has been implemented across the country according to which nobody except the government can update and post coronavirus related information on social media,0,11,14,-0.6249
0,A video of policemen using batons on people in an alley is viral on social media calling the incident as police retaliation in Indore Madhya Pradesh where a medical team was attacked by locals on April . The medics were visiting the area to screen locals for Coronavirus,0,8,9,-0.4588
0,Trupti Desai Was Detained Revived With Lockdown Twist,0,3688,6295,-0.4019
0,A video of police apprehending a man threatening people with a gun in Brazils Sao Paolo area is viral with claims u it is from Italy where the police is coming down heavily on people who are venturing out during the lockdown,0,8,18,-0.7003
0,A video of several sick goats lying in what appears to be a wholesale meat market in Ajmer Rajasthan has resurfaced with claims u the mutton livestock has been infected in the wake of the outbreak of Coronavirus in the country,0,4,10,-0.872
0,The COVID-19 death toll is exaggerated because he state ?has instructed u nyone who didnt die by a gun shot wound or car accident ?be listed as a coronavirus victim,0,45,59,-0.6886
0,Nigerian pastor who went to China to destroy coronavirus has been rushed to the hospital - Aficature,0,240,388,-0.5423
0,Union Home Minister amitshah has been infected with,0,225,702,-0.4939
0,The Government is likely to impose Financial Emergency in India to tackle the crisis caused by,0,801,1721,-0.836
0,The risk of in India has been reduced due to noise produced during the,0,367,759,-0.2732
0,The vibration generated by clapping together will destroy infection,0,1532,3054,-0.5423
0,Angry Citizens Did Not Place A Naked Statue Of Trump In New York City Due To His Inability To Contain COVID-19 Situation,0,0,0,-0.7184
0,OMG: China needs coronavirus SWAT (special weapons and tactics) police team to arrest this drop dead virus victims,0,1044,1421,-0.9228
0,Only in China: Medical SWAT teams with riot shields and dog-catcher nets practicing to catch a person with coronavirus symptoms,0,226,475,-0.5574
0,China Muslims hidden at Bihari mosque has been taken to corona virus test by Bihari police. Erode police has caught Thailand Muslim mullahs infected with corona virus. Today Salem Police has caught Indonesian Muslim mullahs at Salem mosque. This video shows u they are applying and putting saliva on spoons plates and utensils and also they are in the intention of spreading corona virus disease. Nobody knows whats happening in the Nation (sic),0,8,12,-0.4939
0,Two facilities in Wuhan are linked to covert Chinese biological weapons programs,0,987,1145,-0.4404
0,Two facilities in Wuhan are linked to covert Chinese biological weapons programs. Did the deadly coronavirus escape from a BW weapons lab,0,470,756,-0.6249
0,So...the Chinese government is busy killing protestors in Hong Kong while the entire city of Wuhan is suffering from an outbreak of Coronavirus u may very well spread worldwide killing millions,0,18,143,-0.8887
0,Liang Wudong a surgeon who was treating patients in Wuhan just become the first doctor to die from the new Coronavirus. A reminder u while everyone else is trying to avoid it frontline medical staff are risking their lives to cure it + save others,0,8020,8295,-0.6369
0,so far; - orld war ?- iran plane crash - australian bushfires - volcanic eruptions - earthquake in indonesia - jakarta flood - wuhan coronavirus outbreak,0,1933,1992,-0.7823
0,person refuses to leave home and get tested for . So others simply block him from coming out. This is the way to deal with the,0,531,646,-0.5209
0,Its absolutely ridiculous u governments worldwide are only checking people u have travelled to Wuhan as it is completely spread throughout china Asia and several other countries. And to add to this it may lay dormant for up to weeks,0,0,0,-0.4201
0,So theres this conspiracy theory going around about the Wuhan coronavirus being engineered in u military biotech lab in Wuhan ?which Im not inclined to believe heres why. I think the truth is even more uncomfortable; and resorting to a conspiracy theory is a cope,0,20,74,-0.8821
0,person refuses to leave home and get tested for . So others simply block him from coming out,0,531,646,-0.5209
0,Commy is going there to fight the monster virus I will be back soon. ?144 medical personnel from Chongqing Emergency Medical Centre left for Wuhan last night,0,1609,5090,-0.6369
0,The Huanan seafood market in Wuhan has been widely considered the source of the outbreak of a novel coronavirus. But the virus may have infected people elsewhere first a new paper suggests,0,106,130,-0.5647
0,OP-ED: Abolish Asias Markets ?Where Breed | By Christian Walzer and Aili Kang for The Wall Street Journal Consumption of wild meat appears to be to blame for the virus as it was for in,0,44,0,-0.34
0,The state of California has declared u they are well-prepared to handle the if cases would appear in the state. Im not so sure about u after seeing this video from,0,1344,2182,-0.3556
0,just wanted to ask duterte when hes planning to not accept flights from china? maybe when all Filipinos are infected or when he is already experiencing it firsthand? just wanted to ask since chinese locals from wuhan are being suspected near our area already. pls take actions,0,12,54,-0.7464
0,Officials visiting hospitals with N95 masks and doctors in flimsy regular surgical masks. And no gloves,0,49,56,-0.296
0,Bill Gertz reporting is correct China was using Wuhan facility for bio weapons research - buried in the civilian stuff. But no evidence u coronavirus is a bioweapon gone wrong. In part because its not killing many people. And the Chinese have some quite unpleasant weapons,0,33,34,-0.9112
0,Wuhan doctor who shared info about on social media on Dec before govt lifted info blockade punished by police on Jan . Hes now in ICU with virus. Interview with him from China Youth Daily deleted from WeChat,0,80,84,-0.1531
0,medical experts call for draconian measures to stop the spread of the virus estimating u tens of thousands are already infected and warning a global epidemic could be imminent,0,373,367,-0.7783
0,How come none of the media coverage on the Coronavirus mentions u it originated from a city u houses Chinas covert biological warfare program,0,769,1444,-0.296
0,dont be ignorant about wuhan/coronavirus. stop saying stays are dumb for wanting to protect the boys by telling them to cancel hi touch so they wont be infected. it may not be in your area as much but its serious since theres no cure or vaccine for it and can be spread easily,0,125,331,-0.0974
0,People collapsing at any minute in China during . One photo is from Dongdaruifa shopping mall at Yangzhou Jiangsu Province one from Xidaruifa shopping mall at Yangzhou one from Hongqiao railway station in Shanghai,0,853,855,-0.296
0,Jan - confirmed cases Jan - sick Jan - sick dead Jan - sick dead Jan - sick dead Jan - sick dead Jan - sick dead Jan - sick dead Today- sick dead,0,60,93,-0.9957
0,All this American media-sponsored hysteria over coronavirus?like these fucking anti-vaxxers arent in our backyard tryna kill us with their bacteria-infested spawn,0,3095,14051,-0.8225
0,PSA for everyone freaking out about this coronavirus: A country u YouTubed itself into a st Century measles outbreak does not get to talk any shit about anyone elses health practices,0,30548,136123,-0.7506
0,Another day another victim falling down in the middle of public in China,0,6,12,-0.4019
0,Hi! Paala lang. Hindi porket may nCoV ay mamatay na. As a matter of fact less than % lang ang mortality rate nito. Mas nakakamatay at nakakahawa pa ang seasonal flu,0,21,84,-0.4199
0,Another shocking footage u shows people deliberately spreading the deadly virus. This time in what looks like a hospital in China,0,7299,3917,-0.0516
0,In Italy people are being kept on board a cruise ship as tests are carried out on two Chinese passengers suspected of having,0,122,176,-0.2263
0,At this time the risk to Americans remains low and we are working to keep it u way. We will continue our work to monitor respond to and mitigate the spread of the and ensure u Americans have the most accurate and up-to-date health and travel information,0,22,57,-0.1531
0,During the Taal eruption we were reminded u the disaster fund was cut by billions. Now in the time of nCoV let us be reminded u the budget for health was also cut by billions. For intelligence and military fund. Let us fucking kill this government,0,5230,16487,-0.8805
0,Stop eating meat to stop Corona Virus. Because Corona Virus come from wild or domestic animals. If you meat of it then it(virus) will spread,0,40,37,-0.5267
0,Eating meat is a heinous sin. It increases the risk of cancer and other deadly diseases. Like the corona virus came from the meat market,0,16,18,-0.8225
0,Coronavirus Contains IV Insertions ? Stoking Fears Over Artificially Created Bioweapon,0,440,688,-0.2023
0,Stop killing innocent animals for the taste of tongue. It is against the rule of God. Saint Rampal Ji Maharaj China Must watch sadhna TV :30pm,0,468,462,-0.4767
0,China is suffering the fatal effects of corona virus due to eating meat by breaking the constitution of God,0,5,7,-0.6705
0,Eating meat is not a command of God and eating meat is a big sin. if we still do not follow the rule of God then corona virus and other terrible viruses can also arise,0,813,805,-0.8529
0,Recently in some countries meat has been banned due to Coronavirus. But the order to eat meat is not even of God because meat is not written in the holy book of any religion. Eating meat is not the order of or God,0,265,256,-0.6643
0,Spiritual knowledge begins when science ends. Science also fails in such disasters. Satbhakti is the only protection against such fatal diseases like cancer corona virus,0,539,532,-0.9153
0,China has another health scare to contend with an outbreak of a highly pathogenic strain of H5N1 bird flu at a farm in the southern province of Hunan,0,3080,2321,-0.7251
0,Coronavirus has wreaked havoc in just a month across continents. As of January more than people have died in China and infected more than,0,4,6,-0.8934
0,Bus transport sector and airline industry recruiting people to join unions and planning strikes. They are likely the next sectors to take industrial action after healthcare sector. All are calling for a full border closure to contain epidemic,0,141,198,-0.0772
0,Wuhan officials were accused of cremating the dead in secret last week and a crematorium employee claimed the rumors are true as China adopts draconian measures to treat the outbreak,0,763,753,-0.0772
0,Extraordinary news from government. They cant cope & so drafting in staff on a voluntary basis & retirees This is the crisis appalling incompetence arrogance intransigence and absence of leadership has led to combined with repression of truth,0,1597,1696,-0.9274
0,Today Chinas Ambassador to the US AmbCuiTiankai did NOT deny u emanated from their biological weapons program - a strange interview to say the least. We need a lot more transparency from China on this virus,0,597,827,-0.3948
0,Chen Qiushi a citizen journalist who had been doing critical reporting from the epicenter of the outbreak went missing on Thursday evening just as hundreds of thousands of people in began demanding freedom of speech online,0,8900,11515,-0.0516
0,Some people say u racism will die out when certain generations die but it wont because they keep teaching their children & grandchildren how to be racist and ignorant,0,3468,9362,-0.9331
0,The United States has its first confirmed case of a new virus u appeared in Wuhan China last month. The coronavirus has already sickened hundreds and killed six people in Asia,0,137,218,-0.7351
0,CDC has activated its emergency operations center. They expect more US cases,0,265,611,-0.3818
0,Latest on new coronavirus emerging from Wuhan China: now dead from the respiratory infection; stock prices of mask companies are rising; a case has been confirmed in Taiwan which joins South Korea Japan and Thailand as sites where virus reported,0,0,7,-0.6486
0,Breaking News: An individual in Washington State is infected with the Wuhan coronavirus the first such case in the U.S. The outbreak which began at a market in China has now spread to at least four other countries,0,41,27,-0.4939
0,Killer Chinese virus comes to the US CDC says This is another Ebola China testing their own biological weapon on its citizens,0,7,5,-0.7579
0,This is a man-made patented virus with a vaccine in the works. Fear sells,0,228,332,-0.4939
0,There is no federal dosage limit on opiate pain limits,0,73,179,-0.6705
0,CORONAVIRUS UPDATE: Chinese city of Wuhan shuts down all outbound flights and trains after virus kills . No one will be allowed to leave the city after a.m. local time,0,211,235,-0.7096
0,The language the CDC uses is actually effectively no risk,0,15,35,-0.1027
0,CDC Admits Million Americans Were Given Cancer Virus Via The Polio Shot,0,55,51,-0.4939
0,STOP ALL TRAVELERS FROM CHINA FROM ENTERING THE U.S,0,550,1973,-0.296
0,emergency committee has decided to meet again tomorrow to decide whether to declare the outbreak as PHEIC for the need for more evidence,0,94,136,-0.3818
0,The death toll in the outbreak rises overnight from to :,0,33,31,-0.5994
0,The US opioid epidemic driven by a profit-hungry medical and pharmaceutical industry is still killing tens of thousands of people each year,0,5,7,-0.6597
0,While Iran is using real Chemical weapons to terrorize nations Nigeria is using Chemical Brother and sister to disturb twitter! The fight has grown epidemic and everyone is a part of the chemical charade,0,19,28,-0.9151
0,Latest research published today in TheLancetPH finds no vaping epidemic in NZ,0,6,8,-0.296
0,WHO calls for emergency meeting on new China virus as cases spread Maybe next they can call for an emergency meeting on the autism epidemic,0,88,269,-0.6369
0,results derived from our evolutionary analysis suggest for the first time u snake is the most probable wildlife animal reservoir for the -nCoV based on their similar codon usage bias,0,36,60,-0.1027
0,CDC IS WORKING TO GET EMERGENCY USE AUTHORIZATION FROM FDA FOR A DIAGNOSTIC TEST TO DETECT THE WUHAN CORONAVIRUS: POLITICO,0,40,53,-0.3818
0,Residents in Wuhan waiting to be treated. Many have been turned away refuse treatment due to lack of capacity in the hospital died home. Death released only include those being officially diagnosed,0,651,1015,-0.9001
0,China had hundreds of people infected by the Wuhan Coronavirus outbreak last year and kept it quiet for months,0,1302,3937,-0.4939
0,Chinese doctor in the city of Wuhan in tears announcing u there are too many cases of sick people,0,41,89,-0.6369
0,Maybe we should spend less time blaming the people trapped inside Wuhan and more time blaming the system and leaders u fed them lies and cover-ups placing face-saving measures above the lives of citizens,0,62,180,-0.901
0,Epidemic : the situation seems catastrophic in,0,267,218,-0.4939
0,China spent the crucial first days of the Wuhan coronavirus outbreak arresting people who posted about it online and threatening journalists,0,79,100,-0.5267
0,The Wuhan Virus is just another demonstration as to how people completely lose their minds concerning all things China,0,1071,1427,-0.3804
0,In order to avoid the further spreading of Coronavirus anybody leaving Wuhan and causing spread of Coronavirus will be sentenced for years ?said by authority,0,24,11,-0.25
0,This reports key findings are alarming. The authors predict u by February up to people in Wuhan could be infected by the corona virus. The virus will also further spread to other transport hubs like Beijing and Shanghai. the time to act is now,0,397,481,-0.296
0,It is a man-made disaster,0,959,1192,-0.6249
0,Inside a hospital in wuhan the woman said some people died already in mid-night lack of doctors and no government officers are visiting; patients are just lying on the ground,0,1,5,-0.8885
0,HEALTH PSA: -Avoid close contact with people who have active symptoms of disease -Wash your hands thoroughly (at least seconds) and often especially after sneezing or coughing -Dont let Kathy make you soup -Avoid China men,0,16,55,-0.1779
0,Nobodys come to manage this. ?This video allegedly shows dead bodies lying in hospital,0,3254,2846,-0.8271
0,She is a doctor in Wuhan... If she quit. The local government will revoke her doctors qualification and ban doctors from publishing the true situation of the hospital,0,10128,3741,-0.2023
0,This says u the now realized the is out of control. In alone K have been infected. They plan to replace the current leaders of Wuhan and Hubei. More cities can be locked-down the entire country can be put under military control & emergency status,0,13,24,-0.7783
0,Calling herself ?& claiming to work in one of the hospitals in Wuhan says the number of people u have died due to the is,0,1248,1277,-0.5106
0,In the month and a half since the Wuhan coronavirus emerged as a new disease it has killed people so far,0,827,4100,-0.6705
0,In China built a laboratory to study the Corona and Ebola virus in Wuhan and US biosafety experts warned u the virus might leak from the facility,0,6004,5825,-0.5423
0,China BLOCKS UK from airlifting hundreds of Brits trapped in coronavirus-plagued Wuhan,0,1,0,-0.7213
0,CCP has launched propaganda campaign globally to say Snakes Bats & Sea Food responsible for to deflect attention from the real culprit i.e. Biological Warfare programme in Wuhan from where this virus got leaked,0,181,311,-0.4019
0,Sen kikopangilinan urges the government to impose a preemptive ban of visitors from Wuhan China,0,19,88,-0.7003
0,Today is Day (higher than u) of the Wuhan Coronavirus outbreak. The US hasnt stopped people from China from entering the US. And the WHO still hasnt declared the Coronavirus a Public Health Emergency of International Concern,0,93,241,-0.2344
0,Reasons For Chinas Unreliable Death And Infected Statistics Finally Revealed-Insufficient Test Kits Also Cambodia Reports First Case,0,0,1,-0.7964
0,Million People Left Wuhan China Before Travel Restrictions Imposed,0,0,0,-0.0772
0,Peoples anger towards Wuhan and Hubei officials is through the roof,0,45,113,-0.5719
0,BSL-4 Research Laboratory was using a bat-derived SARS-like to test its disinfectant procedures in . Genetic sequencing of Novel CoV suggests the current virus is extremely similar. Proximity of the Research Lab to outbreak origin deeply troubling,0,115,203,-0.3597
0,The deadly animal-borne coronavirus spreading globally may have originated in a laboratory in the city of Wuhan linked to Chinas covert biological weapons program says Israeli biological warfare analyst,0,139,179,-0.6249
0,There comes a point sometimes in the cycle of bourgeois media where the propaganda is simply unsustainable and the gears must shift. However the damage is already done and the publics anticommunism and sinophobia have already been stoked,0,15,68,-0.6369
0,China is devil,0,1162,1362,-0.6597
0,facial mask is not effective against wuhan virus,0,150233,250874,-0.3724
0,Chinas coronavirus ill help ?bring jobs back to U.S,0,230,416,-0.0258
0,It turns out u the eight people whom Chinese authorities detained in Wuhan early on for spreading untruthful information were all doctors trying to alert people to the emerging coronavirus threat. Again censorship over public welfare,0,1017,1513,-0.5994
0,A deadly virus has infected million Americans so far. Its not coronavirus,0,5,7,-0.4939
0,Due to the Coronavirus Outbreak These Travel Brands Have Suspended or Altered Service to China,0,1,1,-0.4767
0,Coronavirus is scary enough to make Americans racist about Chinese people but not scary enough to make Americans start washing their hands,0,19807,83355,-0.836
0,Most of the estimated or so Americans in Wuhan were not given a seat on the one plane sent by the U.S. government to evacuate diplomatic staff and some private citizens. Others did not want to leave their partners children or pets behind,0,6,3,-0.0191
0,Breaking News: The U.S. temporarily barred foreigners who visited China as markets had their worst day in months over coronavirus fears,0,143,215,-0.7845
0,Some hospitals in Wuhan have refused to accept patients because medical staff are infected Chinas major media do not report the true condition of hospitals at all,0,391,547,-0.6288
0,The death toll in China stands at exceeding the mainland fatalities from of,0,3,23,-0.8316
0,Chinas Tencent Accidentally Leak The True Terrifying Coronavirus Statistics,0,24,61,-0.6908
0,he streets [of Wuhan] are empty... the shelves in the supermarket are empty,0,176,378,-0.2023
0,Tencent may have accidentally leaked real data on Wuhan virus deathsTencent briefly lists infections and deaths from Wuhan coronavirus,0,371,707,-0.5719
0,The coronavirus seems to attack the nerves or the brain,0,53,52,-0.5423
0,Turkey is utilizing the chaos to its benefit,0,0,1,-0.1779
0,Chinese Doctor Who Raised Alarm on Coronavirus Dies in Hospital,0,24,15,-0.34
0,The death of a doctor who was reprimanded for warning about Chinas virus triggers an outpouring of praise for him and fury u communist authorities put politics above public safety,0,4,4,-0.5574
0,Millions of poor farmers and workers will lose access to a cheap and easy way to buy and sell fresh food if Asian cities clamp down on traditional wet markets in the wake of the deadly,0,9,29,-0.1531
0,Last week one of Harvards most prominent scientists was arrested. He is a participant in Chinas Thousand Talents recruitment program an initiative u prosecutors say has been weaponized to steal trade secrets,0,412,409,-0.1796
0,Nothing to do with viruses! China is no longer suitable for human life they were forced to sing the national anthem by underworld,0,257,263,-0.6696
0,NCoV No Casama on Valentines,0,6653,19516,-0.296
0,Coronavirus: journalist missing in Wuhan as anger towards Chinese authorities grows,0,168,243,-0.7096
0,The death toll from Chinas coronavirus outbreak has risen to more than as plans to restart the worlds second-largest economy on Monday faltered,0,120,165,-0.5994
0,Official death toll over but we all know those figures are being watered down,0,2,1,-0.3506
0,Over the weekend major cities such as and have joined a list of over cities u have enacted isolation measures to prevent the from spreading,0,167,135,-0.3818
0,China Powers Down Bitcoin Mining Farms Amidst Coronavirus Scare,0,98,1335,-0.4939
0,Some other weird virus circulating in Nigeria,0,9,5,-0.1779
0,The death toll from the novel coronavirus surged past in mainland China on Sunday overtaking global fatalities in the SARS epidemic even as the World Health Organization said the outbreak appeared to be stabilising,0,415,368,-0.7579
0,Possible scenario.....NZ has a sudden virus outbreak. People get a knock on the door in the middle of the day dragged out to a waiting van,0,0,2,-0.0516
0,No occasion for panicNewspaper in trying to downplay the Spanish Flu which ended up killing million people,0,342,584,-0.8481
0,Since the question of investments into pandemic vaccines came up here recently. Will the hundreds of billions of economic losses caused by nCoV now be an incentive for countries to maybe invest a few billion $ into pre-pandemic vaccines and production infrastructure,0,29,128,-0.0516
0,the number of Chinese people in Britain with confirmed cases of coronavirus is still fewer than the number of Chinese people doing comedy so if you see a Chinese person on the tube and ass,0,8349,42040,-0.1027
0,Hackers are leveraging the fears surrounding Coronavirus in order to carry out cyber attacks on a massive scale,0,12,0,-0.6908
0,Craziest coronavirus stat I seen: Hong Kong visitors per day plummets from to fewer than,0,47,136,-0.0516
0,Chinese President Xi Jinping for ignorant or stupid policy in dealing Wuhan city virus break,0,1400,2858,-0.6705
0,supermarkets shown completely empty as panic ensues over the spread of the deadly,0,80,126,-0.6865
0,People being affected by the in some part of China are being moved to Wuhan due to lack of Medical attentions,0,18,42,-0.4404
0,UK loses track of Chinese visitors who flew there from Wuhan,0,95,0,-0.3182
0,China reports u deaths from rise by to and the number of confirmed cases rise by to . Its hard to discern how much their reporting on new cases is still being skewed by their fixed and limited testing capacity,0,358,711,-0.25
0,With deaths and victims of Corona virus one fact has been overlooked,0,392,1654,-0.34
0,Wuhan should been locked down earlier a resident says adding u the government has become more open but here must have been a cover-up before ?SCMP News7:39 AM ?Jan,0,71,105,-0.4871
0,This charge u the spread the --see below--illustrates how claims although ludicrous are dangerous. ?Gordon G. Chang1:52 AM ?Feb,0,373,630,-0.7149
0,Up to two weeks of incubation time during which you are contagious yet show no symptoms We also see u our governments are unprepared. No quarantine no beds no hazmat suits not enough medical equipment ?BasedPoland8:32 PM?Jan,0,414,681,-0.8611
0,Kane9015 TheAngelofWrath Its one of the reasons as it turns into summer in the Northern hemisphere there will be a reduction in cases just like with flu and colds. This along with the normal plateau and tapering periods that come next (see NK + China),0,0,1,-0.0258
0,Not to be insensitive but if youre infectrd with Corona virus you NEED to stay in the country you caught the virus from. Flying sick Americans home knowing they can infect everyone else is reckless,0,0,0,-0.8256
0,scorpysz ZoinksScoob13 tdsb Toronto District School Board: Cancel all TDSB schools for weeks as a precaution to the Coronavirus - Sign the Petition!,0,0,1,-0.3164
0,Hey Wuhan China. And more precisely the death lab where this bioweapon was created to extinguish humanity: Fuck you. ??,0,4,9,-0.792
0,Coronavirus vs. Flu Virus: Which Is Deadlier?: Is the novel coronavirus deadlier than this year flu season? Read on to find out.,0,0,0,-0.504
0,Want to stop having people freak out about Coronavirus? Have employers threat to stop signing paychecks.,0,0,0,-0.8555
0,JooeySiiu Yet another rubbish excuse to burn! Can you have one reason to burn the estate in helping or the local residents? I am sick of it and especially you!,0,0,1,-0.3365
0,With the corona virus the Hong Kong protest disappeared Intentionally or coincidentally? Never doubt anything from socialism communism dictatorships ?,0,0,0,-0.2846
0,WHO I have a free suggestion Can t we kill corona virus by raising body temperature? Because when we get fever our body raises? Temperature and it kills viruses,0,0,0,-0.7399
0,Styx666Official All they got in China is powdered tiger dick and rhino horn,0,0,0,-0.5106
0,Controversial proposal for treating coronavirus in India: Of course people may still survive the infection after homeopathic treatments...but many survive with NO treatment,0,0,0,-0.5766
0,It isns racism and I\ tell you why it wouldnt matter where the epicenter is. What matters is containment it just so happens they Asian. If it happened in USA all countries would be retrieving their own and keep US OUT !!!!,0,0,0,-0.7385
0,Today is World Cancer Day as you know that the corona virus is spreading in China which is the cause of cancer if you want to get rid of diseases like cancer. Get true worship because Supreme God Kabir is most merciful Must watch sadhna channel :30pm,0,0,0,-0.4019
0,WHO WHOWPRO WHOSEARO WHO_Europe pahowho WHOEMRO WHOAFRO Save Iraqi citizens from spread COVID19 because our goverment not close borders with Iran and they will leave us face death with disaster health system,0,0,0,-0.7184
0,Sat bhakti cures diseases like AIDS or cancer. By the way to avoid the corona virus satbhakti is necessary. SrBachchan PMOIndia SatlokChannel AajKamranKhan,0,4,4,-0.6249
0,Coronavirus! What really is its origin? Wuhan China has the only bio warfare facility in China. Hey! Hey! Just because Im paranoid doesnt mean they arent after me.,0,1,1,-0.6219
0,CN start to control the pandemic in their country and some experts said they expect to clear this out by the end of April. However there are also some information about they shutting down a lab that just announced their research about Covid-19 this is troublesome,0,0,2,-0.1779
0,__aarum Everyone knows China like to control the narrative. Its times worse than they telling us,0,0,3,-0.1531
0,Man York isnt that far from me you know what I am gonna stay indoors and hide till this all blows over,0,0,8,-0.1779
0,TheJonasJuice Still... This shouldnt warrant a cancelation when there are other more dangerous viruses. Cancel cause the flu is deadlier this year or something like that but coronavirus??? Seems like an overreaction especially cause its foreign..,0,0,0,-0.3001
0,Sind die komplett deppert? Austrian pharmacies recommend to fight ?Crazy greedy charlatans,0,0,0,-0.8426
0,US panic over reminds me of panic over . It has nothing to do with medicine or science. It has more to do with a culture of hatred based on stereotypes and fear?,0,2,17,-0.9325
0,The bad viruses always come from China ...They were just called flu before DNA was understood ...,0,0,9,-0.7269
0,Why is half of the British population panicking over bloody toilet paper and not over losing their at the end of this year? ?9,0,3,15,-0.6093
0,is now a hoax? Wow....but yeah build the wall Mexico will pay for completely,0,0,1,-0.0772
0,Lemme say something the general Media hasnt. This Coronavirus outbreak definitely is not something to absolutely freak out about like the media is. A Coronavirus is similar to the flu. The flu has killed over k people in America just last year who had weak immune systems,0,0,0,-0.8553
0,ChangeIsGood58 peyote_radio JoeyOfTheWorld There seems to be epidemic. Imagine only one person handling press questions. Guess they have never of one person one story and stick to it. Unlike Rudy doing his own style of Hip Hop that undermines Thump,0,0,1,-0.34
0,hoopwitniyaa Chinese Billionaire claims over people died and Million are infected by Coronavirus. Watch it here:,0,0,1,-0.7783
0,Which is more believable? A - The CDC got it wrong. B- Trump got it wrong and the CDC is taking one for the team here.,0,7,39,-0.7351
0,Those stupid surgical masks and all the other goofy shit be wearing isnt gonna protect yall from catching the coronavirus lol,0,0,1,-0.7494
0,Do you reckon if coronavirus were to kill John Wicks dog he a.) Kill the coronavirus by killing all couriers b.) donate his pure blood cells of gods to analyse to make an godlike antidote,0,1,3,-0.9413
0,There is absolutely no doubt in my mind that this virus is out of control and governments worldwide are not transparent in disclosing information so as avoid mass panicking.,0,5,12,-0.8641
0,have a thought maybe china set this loose to retaliate for sanctions and screw with our economy and i think trump knows the book eyes of darkness by dean koontz describes this situation to the tee,0,0,0,-0.6155
0,BBCHARDtalk The Coronavirus outbreakis the biggest global alert that we must act is linked to the loss of biodiversity deforestation atmospheric pollution the only way to combat all of this is with Education for HealthSustainability. Join Us Now,0,0,0,-0.0772
0,That video from China (if real) is pretty disturbing,0,0,0,-0.0258
0,Nature Science Journal Warned About pathogens Escaping Wuhan Level-4 Biosafety Lab (BSL-4) Before Coronavirus Outbreak via WorldTruthTV,0,0,0,-0.2263
0,Yes you are seeing the absolute inefficiency and incompetence of socialized healthcare. You are also witnessing a biowarfare virus at work that more than likely slipped out of their weapons biowarfare lab.,0,0,1,-0.5423
0,Its Winter-Time For Capital Flow - Outbreak Sparks Collapse In Chinese Tech Venture Funding?,0,0,0,-0.4939
0,Ash_Pro1 Actually latest news identifies that virus didnt emanate from the Wuhan food market at all and the Chinese authorities knew this. The world is even crazier than I thought so what they doing is either based on incredible incompetence or is a massive cover-up,0,0,0,-0.6808
0,Hope this is a result of medical emergency chaos and not any lack of transparency or forthrightness....,0,2,3,-0.3481
0,Philippine Government: Ban ALL flights from China due to coronavirus and Deport All Non Law Abiding Chinese - Sign the Petition! via ChangePilipinas,0,4,6,-0.5983
0,nanakwekusekyi My problem is why is Ghana the only country benefiting from this? Are we the only country trading with China? Which the answer is No. Then it makes it difficult for me to accept it,0,0,1,-0.6322
0,Theyve mentioned: Flu Sars &amp; now CV All man made? Vaccines given for all? Is this anything more than a common day cold or virus mutated &amp; vaccine resistant like the first ? is desperate. here is desperatewhos involved? Perhaps the biggest FFE yet,0,9,22,-0.5204
0,CAP_PhD brianschatz My point exactly. Politics is not relevant in medicine (to me) If you feel gun violence is medical issue we have no common viewpoint. The virus is the threat now. You can attack Trump later. People are dying. The CDC is monitoring the situation. Wow,0,0,0,-0.886
0,edmnangagwa Is Zimbabwe prepared if the Corona Virus ?Epidemic becomes a problem for our people. If so what measures do we have in place,0,0,0,-0.2023
0,Probably the last twitter day where Wuhan and coronavirus arent trending. Wuhan has a level Bio lab and we blaming some girl eating a bat?,0,0,0,-0.4939
0,This strain called -nCoV is too new for any useful data on mortality (two other coronaviruses severe acute respiratory syndrome or SARS and Middle East respiratory syndrome or MERS have been reported to kill about?15 percent?and?35 percent?of infected people),0,0,3,-0.8677
0,Mike2020 Hey yall! Hit China on the arrest of the doctors who spotted the new virus. (See Daily Beast article!) All the Asian doctors in this country alone will notice if we are first. Ad time,0,0,1,-0.6103
0,BNODesk Smith83K Thats a pretty high death rate versus China. Maybe they are not getting all the cases identified,0,0,0,-0.1779
0,men be so worried about the Coronavirus but they dont even wash their hands after peeing..,0,0,1,-0.2342
0,TomthunkitsMind The virus survives for days on surfaces. It takes days for a package to reach the US from China so this doesnt appear to be a risk,0,0,1,-0.25
0,GOPChairwoman realDonaldTrump HAHAHAHAHAHAHA Romney. Did you hear Tom Cotton and his weaponized corona virus update? And your pimp says the heat kills it. Hows all that election fraud going for you? After MarshaBlackburns No on security whats her reward? We already know what Lisas was. GOP Corrupt,0,0,1,-0.6046
0,Time To Debunk The Skeptics: COVID-19 Has A Death Rate That Is About Times Higher Than The Flu,0,0,0,-0.7845
0,Today I went to a big hospital in where there is a patient now in bad conditions. No one wears mask most of the doctos are not wearing masks. I see a very bad outcome in due italian superficial mentality,0,0,0,-0.8481
0,Indians think they have found the cure for Coronavirus. stupid bast????????,0,0,1,-0.6553
0,Will the covid-19 coronavirus outbreak die out in the summers heat? | New Scientist,0,0,0,-0.5994
0,Bill Palmer? Donald Trump may have infected the entire White House with coronavirus,0,0,1,-0.4939
0,. The timing of Netflix ?new documentary series about preventing an outbreak at the same time a pandemic of massive proportions is brewing is seriously no coincidence...like when seemingly competing monster movies come out the same year...its part of their marketing plan..,0,1,3,-0.4588
0,DataCoronavirus The MofH has confirmed individuals returning from affected regions (Wuhan) do no need to be isolated at home or kept home from school. Quote from Langley Advance Times Feb,0,1,0,-0.6249
0,N30EMYlRytCc2E rCBREsvzND7uyMu Caribbean_salt I hope so. I disagree with their control of information and some actions. At the same time I sympathise with the scale and horror of the situation and the difficult choices they are being forced to make. I do believe Wuhan and China are sacrificing for themselves and the world,0,0,0,-0.8647
0,In Italy the government forces all its citizens to perform a corona virus test. In Mombasa however no one can spread the disease to others. Thousands suffer and Iranian government not responsible,0,0,0,-0.7692
0,Fears that coronavirus may turn into pandemic grip Washington -,0,0,0,-0.4215
0,Is Emperor Corona issuing a shoot to kill order against victims? Why this Chinese cop is carrying a AK47 if there is no such an order?,0,361,505,-0.8992
0,realDonaldTrump The Japanese coronavirus response is wrong. Please speak to President Trump and Prime Minister Shinzo Abe,0,0,0,-0.2023
0,Western Ass-Hole politicians waited for the cruse ship to be completely INFECTED before evacuating their citizens ! CNN nytimes washingtonpost BBCWorld Reuters AFP DerSPIEGEL CBCNews,0,0,3,-0.6724
0,Iran Caught Selling its Citizens Fake Anti-Bacterial Spray Against CoronaVirus,0,1,2,-0.4767
0,I are not really had any issues with Trump besides how he handled Iran but how about we focus on the coronavirus instead of the Democrats? You want to get re-elected? Stop tweeting and go all out on containing and fixing this outbreak,0,0,3,-0.4039
0,Corona killed more traders worldwide then infected persons,0,0,1,-0.8271
0,Kudlow is correct here. Like SARS and Ebola coronavirus will be brought under control. However when socialism rots and destroys the economic engine of an economy it is extremely difficult and painful to get back on the path of growth.,0,2,4,-0.6659
0,BREAKING NEWS! Corona Beer changes their name to avoid association with the deadly outbreak! FoxNews greggutfeld JesseBWatters,0,2,3,-0.4184
0,In USA MILLION HAVE HAD OR HAD THE FLU - HAVE DIED ALREADY. THIS CORONA VIRUS YES SERIOUS NOT HALF AS SERIOUS AS THE DAMAGE FLU IS DOING POTUS. realDonaldTrump NEVER talks about flu. Three letters one syllable cant be that hard eh? goodfellow68. BernieSanders,0,0,0,-0.9199
0,The authorities have shifted their policy from containment to triage. Triage means they know everyone is not safe and they are trying to minimize fatalities. Only yesterday were my parents given a proper N95 face mask. Triage.,0,13,22,-0.7435
0,CDC has made up yet another FAKE disease to scare the masses. When Congress wrote a check for $6 Billion the FAKE Zika virus disappeared over night,0,7,13,-0.9147
0,Consumption of meat is linked to many diseases like cancer diabetes obesity cholesterol heart diseases etc. Meat is the only root Corona Virus So please Stop Eating Meat...,0,3,3,-0.4186
0,waltshaub Acyn He was actually being quite reasonable there. he said specifically that we dont have strong evidence about the connection but it is suspicious and China has not been sufficiently transparent,0,0,1,-0.625
0,Guardian has now fallen foul of my propaganda policies. Publishing questionable articles of late Coronavirus fear-mongering. Obsessive writer on staff who publishes anti-Russian articles while another publishes anti-Chinese. Tech editor is nationalist.??,0,0,0,-0.7882
0,What a lot of news fuss being made around the coronavirus ... average of deaths per month ... whilst die per month from flu yet nobody bats an eyelid ???? I smell ??????,0,1,1,-0.8156
0,Corruption is worse than all the diseases we have now and I strongly believe coronavirus is caused by corruption he said. OfficialEFCC MBuhari Fmohnigeria DrEOEhanire,0,0,0,-0.25
0,Sat bhakti cures diseases like AIDS or cancer. By the way to avoid the corona virus satbhakti is necessary.,0,3,3,-0.6249
0,Its increasingly hard to keep up with whats going on with . And numbers are not so relevant any more other than as rough estimates or indications there is activity in Point A or B. with Italys death toll? How did they surge so far past Iran?,0,2,5,-0.6868
0,Repost: Los Alamos Experts Warn Covid-19 Almost Certainly Cannot Be Contained Project Up To Million Dead | Zero Hedge,0,1,0,-0.5563
0,JewelDole aetiology Or get exterminated because of the Chinese Propaganda blaming everything but themselves for the virus going epidemic,0,0,1,-0.3818
0,Trump says the coronavirus is a Democratic hoax. And Republicans complain the virus has become politicized. With zero sense of irony. Just pathetic,0,110,360,-0.8176
0,jonst0kes Heres my take of that lens. China needs the world to contain this before they are in the clear. They dont want to call it a pandemic because that implies it is unstoppable. Its not. China wants the world to stop it so they can go back to work,0,0,1,-0.1586
0,ThePoqito OurHealthOregon Even more reality we dont need big pharmas drugs. They and most of the medical industry are not in the business of curing no money in healthy people....pretty much any natural illness has a cure on this earth. Man made illness however is a real thing as you know. Ie Corona,0,0,1,-0.34
0,This is a main stream media trend: declare something as a conspiracy theory and then weeks later without explanation start reporting it as fact,0,0,0,-0.5267
0,Charles CDC grossly incompetent and irresponsible statement to tank the market. Are they deep staters? If you were Pres would you accept your own CDC saying they are too incompetent to do their jobs? Would you accept statement to panic and make a run on the grocery store?,0,31,106,-0.8638
0,a officer had died from COVID-19,0,1,10,-0.5574
0,Donated Chinese Test Kits are Infected with COVID-19,0,0,0,-0.4939
0,Bihar has cases with no contact or foreign travel history,0,0,0,-0.296
0,cold weather and snow can kill the new coronavirus,0,3,4,-0.6908
0,nurses had died because paddycosgrave is desperate for attention,0,8,127,-0.7096
0,Russian media are weaponizing the narrative the EU abandoned its members during outbreak,0,42,51,-0.4588
0,Supermarkets have been using the list to give priority to vulnerable customers,0,0,1,-0.2263
0,I just now started researching G. I found G coverage worldwide to shockingly mirror COVID-19 worldwide. The most concentrated areas of G = the most concentrated areas of corona,0,87,109,-0.1779
0,WH pandemic team was fired. Multiple folks inside government and WHO officials warned about that virus. Trump downplayed the seriously of the virus even in February. All of right wing media has done that until the economy shutdown,0,0,0,-0.7506
0,the virus somehow escaped from a Chinese lab either by accident or design,0,0,0,-0.4767
0,the seditious treasonous inferring that staff of the royal family have been tested for corona virus rigourously for weeks,0,0,0,-0.7506
0,Trump Bullshit get the coronavirus and die,0,1041,3025,-0.8271
0,coronavirus transmission is instant and it kill humans instantly,0,0,0,-0.6908
0,The incident has sparked fear among locals that the birds might have died of coronavirus,0,4,20,-0.7783
0,there is a Coronavirus Ventilator Shortage In Kebbi,0,0,0,-0.25
0,There are remedies that can fight COVID-19,0,2,2,-0.3818
0,the tweep who said that coronavirus has killed his cousin who is a medical doctor & in her s,0,46,91,-0.6705
0,arrest warrants this week for people who didnt show up to court after the court announced hearings were postponed due to coronavirus,0,21,34,-0.4939
0,Boris Johnsons senior adviser rejected draconian measures to tackle spread of coronavirus,0,16,12,-0.5106
0,its only elderly people who are/will be severely affected by coronavirus,0,77,521,-0.5574
0,Russian Planes carrying aid to Italy blocked from using Poland Airspace,0,244,314,-0.2732
0,youre at low risk of transmission if the other person doesnt have symptoms,0,29,73,-0.4939
0,BJ: I was at a hospital where there were a few coronavirus patients and I shook hands with everybody (you have to watch the video for the full Boris Johnson waffle effect.),0,20,41,-0.1027
0,more people die in car crashes than from the coronavirus,0,83,190,-0.6344
0,Trump Cut Funding For Vital CDC Weapons Against Coronavirus,0,21,36,-0.4215
0,coronavirus fatalities are concentrated among elderly and sick,0,201,444,-0.802
0,coronavirus is no worse than the flu for young people,0,46,52,-0.7845
0,Trump called coronavirus a hoax,0,31,91,-0.2732
0,a GCC citizen has died in the Janabiya area from Coronavirus (COVID-19),0,21,35,-0.5574
0,one way to get tested for the is by donating blood or warning that mosquitoes can carry it,0,0,0,-0.34
0,the government is outsourcing the gaslighting to the coerced experts,0,0,0,-0.3612
0,AmitShah is missing.,0,98,395,-0.296
0,the Chinese govt is hiding million deaths from coronavirus,0,114,339,-0.296
0,watching AUTO-FOCUS four times a day for three weeks straight can defeat the Coronavirus,0,22,355,-0.2732
0,Lenox Hill in New York among many hospitals already using Hydroxychloroquine with very promising results. One patient was described as Lazarus who was seriously ill from COVID-19 already released,0,651,962,-0.1298
0,people from Italy and Iran were hiding in a Patna mosque to avoid getting tested for coronavirus,0,89,189,-0.5267
0,more Americans will die of social distancing measures than will die of coronavirus,0,18,168,-0.8529
0,a group of people were infected by Coronavirus at Hillsongs colour conference,0,39,347,-0.4939
0,lemon slices in hot water can kill the coronavirus,0,99,158,-0.6908
0,State Department warns of coronavirus echo chamber by China Russia and Iran,0,186,111,-0.1027
0,Coronavirus test is not free in India,0,181,352,-0.4023
0,WHO came up with protocol$procedure of lockdown periods for controlling on most dangerous virus,0,0,0,-0.5256
0,King Vajiralongkorn has been secretly cleaning the streets of Bangkok to combat COVID-19,0,191,118,-0.34
0,Kids are essentially immune but elderly with existing conditions are vulnerable. Family gatherings with close contact between kids & grandparents probably most risky,0,3,22,-0.5251
0,ovid-19 is even more infectious than either Ebola or the Spanish flu. and both of those are far worse than the seasonal flu,0,0,0,-0.8074
0,You are trying to make it seem that Covid is no worse than the regular flu,0,0,2,-0.7845
0,the virus was designed in a lab to disproportionately kill POC,0,10,25,-0.6908
0,COVID Clinical trials are for people who have no treatment options left,0,0,1,-0.296
0,COVID-19 is so dangerous because it is overwhelming our healthcare system!,0,275,701,-0.6466
0,Covid-19 is Chinese virus and China is to blame,0,8,24,-0.34
0,China covered up the virus and arrested a doctor who warned about the virus,0,7,22,-0.6369
0,Chinas incompetence and lack of transparency caused the virus to spread,0,9,20,-0.6808
0,Chinas hospital supply shortage endangered people,0,11,29,-0.25
0,China threatens world supplies,0,7,29,-0.3818
0,taking a hot bath reduce the risk of infection,0,10,13,-0.2732
0,PMal/Labor playing politics and scaring nurses claiming they are not covered by workers compensation for Covid,0,17,56,-0.2732
0,The explanation put forth by the AG isnt an accusation that abortion is murder. Rather Paxton states that abortion providers would take away necessary resources for fighting COVID-19,0,0,13,-0.755
0,gargling salt water or avoiding cold food and drink stops the infection,0,321,639,-0.4588
0,italian suicide who lost entire family to Corona,0,13,14,-0.7783
0,more than people have died from Covid-19 in Burkina Faso,0,4909,9516,-0.5574
0,patients from Tableeghi Jamat attacked medical team,0,245,340,-0.4588
0,A report that China also lifted its year-old ban on Canadian canola exports,0,11,10,-0.5574
0,Claims that Black Men are worst paying child support,0,87,326,-0.34
0,coronavirus victims are being thrown into the sea in many countries,0,56,106,-0.3182
0,single person in has died of COVID pandemic,0,56,106,-0.5574
0,The Dr that came in from America with her sick baby to Ile-Ife being the cause of the rise in Osun state COVID-19 case,0,175,231,-0.5106
0,But FakeNews spread a rumor attributed to Lebanonfile that I contaminated a delivery man who infected other residents in CapSurVill,0,34,858,-0.6486
0,Engr. A. A. Laya Have donated billion naira the fight against COVID-19,0,7,22,-0.3818
0,Hamilton Police are issuing tickets under the Emergency Management and Civil Protection Act in if there are more than + people in a car,0,96,237,-0.3818
0,Tom hanks is dead,0,0,3,-0.6486
0,Sarah Elago being disseminated by evil individuals and organizations,0,418,2499,-0.6597
0,King Vajiralongkorn has died from COVID-19,0,310,206,-0.5574
0,consuming poisonous Ummetha kaya (from Datura plant) would prevent coronovirus,0,33,26,-0.5574
0,urses have died in our ITU department,0,2502,5169,-0.5574
0,telecommunications services in the country will crash,0,4,7,-0.4019
0,An officer died from coronavirus,0,1,8,-0.5574
